{
  "lora": {
    "retrieval_metrics": {
      "original_mrr": 0.485,
      "rewritten_mrr": 0.5673857931810322,
      "mrr_improvement": 0.08238579318103222,
      "mrr_improvement_std": 0.01088401405663455,
      "original_recall_10": 0.642,
      "rewritten_recall_10": 0.71107834304849,
      "recall_10_improvement": 0.06907834304849006,
      "recall_10_improvement_std": 0.013116414447126528,
      "original_ndcg_10": 0.521,
      "rewritten_ndcg_10": 0.6009767290507445,
      "ndcg_10_improvement": 0.07997672905074449,
      "ndcg_10_improvement_std": 0.018825438087274587
    },
    "semantic_metrics": {
      "query_similarity": 0.8620886768050163,
      "query_similarity_std": 0.04020959301082433,
      "original_query_quality": {
        "avg_length": 4.2,
        "avg_char_length": 28.5,
        "unique_queries_ratio": 0.98,
        "question_ratio": 0.23
      },
      "rewritten_query_quality": {
        "avg_length": 5.8,
        "avg_char_length": 42.1,
        "unique_queries_ratio": 0.97,
        "question_ratio": 0.31
      }
    },
    "performance_metrics": {
      "avg_inference_time": 0.041888047601014194,
      "std_inference_time": 0.0031125378431465837,
      "memory_usage_mb": 156.31209752050833,
      "memory_usage_std": 8.485195867560643,
      "queries_per_second": 23.873158508724288
    },
    "raw_data": {
      "mrr_improvements": [
        0.09080958408203815,
        0.08299934909559442,
        0.09266656901863851,
        0.10343326723381871,
        0.08181991349090297,
        0.08182011542952508,
        0.10412431763074091,
        0.09413944716858078,
        0.07892546505300009,
        0.09137348853610737,
        0.07899996237840672,
        0.07897152403108584,
        0.08767613594026222,
        0.061166652990709086,
        0.0634835106600897,
        0.07778386339033604,
        0.07224217721988659,
        0.08856524219092186,
        0.0735313038710891,
        0.06732866447357591,
        0.10272747985773512,
        0.08192295150401561,
        0.08553059691766146,
        0.06717559730957448,
        0.07800409248834025,
        0.08606434785343135,
        0.07054277899770567,
        0.08932108562565176,
        0.0773121441139987,
        0.08111216687754269
      ],
      "inference_times": [
        0.04025419751842005,
        0.04859774582733038,
        0.04225410943589102,
        0.03870378284154994,
        0.04509665270115084,
        0.03814913159009852,
        0.043010136223016165,
        0.03563712157880876,
        0.03778416743374533,
        0.042969328201955016,
        0.04481078637198439,
        0.0428826521560459,
        0.04190679583987998,
        0.041276247434996416,
        0.037273025232750744,
        0.039852529691457986,
        0.04073382817873672,
        0.04589421556914431,
        0.043468302184532764,
        0.036305663471766704,
        0.0434018854959423,
        0.04099072024658452,
        0.039998465198959735,
        0.04437969938205895,
        0.04580539837648623,
        0.045466352404995074,
        0.03944666042104303,
        0.04124867792210587,
        0.04342629566677211,
        0.04561685343221602
      ],
      "memory_usages": [
        152.03118413074597,
        154.58476690302479,
        146.57488572614756,
        145.79300237049816,
        163.26897465482952,
        167.99928824856616,
        155.5735119422511,
        164.9307362116606,
        159.34623341791442,
        150.58745813493542,
        159.3441417679232,
        169.58091812825393,
        155.88831345974342,
        169.81239980558183,
        133.40821759441923,
        163.35055178806442,
        156.95730949367208,
        153.59863605094694,
        156.99831875585886,
        138.90815044297221,
        154.28885457581364,
        159.3068793721522,
        169.0576781892512,
        151.69104910101925,
        149.16610565482927,
        151.83471372081453,
        164.16399842400804,
        159.06013465403925,
        151.59108622722675,
        160.66542666808618
      ],
      "semantic_similarities": [
        0.8673684897206618,
        0.90658902457398,
        0.8314076107755192,
        0.8482552034031005,
        0.8453551331090529,
        0.7971418273340547,
        0.876325412467906,
        0.874747487248095,
        0.8632301055489108,
        0.8524435789981184,
        0.7993083166077314,
        0.8440709604755589,
        0.8475778467562953,
        0.8268975228850272,
        0.8557421429750296,
        0.8811822885566543,
        0.9478783655544738,
        0.8708560015774327,
        0.8745897675825244,
        0.8596499337905225,
        0.7766552953115431,
        0.8618068756047852,
        0.8657103594473462,
        0.9738458950618378,
        0.8543437565848495,
        0.8765696304050126,
        0.8614379703632641,
        0.810409488307121,
        0.9144270266531759,
        0.8968369864709048
      ]
    }
  },
  "bitfit": {
    "retrieval_metrics": {
      "original_mrr": 0.485,
      "rewritten_mrr": 0.548783771635899,
      "mrr_improvement": 0.06378377163589898,
      "mrr_improvement_std": 0.009212338647492801,
      "original_recall_10": 0.642,
      "rewritten_recall_10": 0.6990350319312484,
      "recall_10_improvement": 0.057035031931248356,
      "recall_10_improvement_std": 0.012529628349253308,
      "original_ndcg_10": 0.521,
      "rewritten_ndcg_10": 0.5765827426135139,
      "ndcg_10_improvement": 0.05558274261351394,
      "ndcg_10_improvement_std": 0.013835946819893533
    },
    "semantic_metrics": {
      "query_similarity": 0.8250722875499769,
      "query_similarity_std": 0.03433828769451513,
      "original_query_quality": {
        "avg_length": 4.2,
        "avg_char_length": 28.5,
        "unique_queries_ratio": 0.98,
        "question_ratio": 0.23
      },
      "rewritten_query_quality": {
        "avg_length": 5.8,
        "avg_char_length": 42.1,
        "unique_queries_ratio": 0.97,
        "question_ratio": 0.31
      }
    },
    "performance_metrics": {
      "avg_inference_time": 0.03923450143252342,
      "std_inference_time": 0.0028564297592690007,
      "memory_usage_mb": 133.91072232511627,
      "memory_usage_std": 7.061982891325499,
      "queries_per_second": 25.487771310662062
    },
    "raw_data": {
      "mrr_improvements": [
        0.06876843939510856,
        0.05557129774789509,
        0.053669056767256106,
        0.06749400449566435,
        0.06121118121059994,
        0.06955460439741962,
        0.06741181485870455,
        0.06255182267735383,
        0.0556635359091912,
        0.04971785970029581,
        0.059226016926603516,
        0.0708219492694789,
        0.06510543432275882,
        0.05211292486946331,
        0.06474131024007553,
        0.06662932467958665,
        0.05533366881780992,
        0.06456815344291521,
        0.0637180575941694,
        0.053027564349307464,
        0.06638430750709973,
        0.06819098228467729,
        0.07283915606425997,
        0.07257883826311064,
        0.050938742625181894,
        0.054853357144755414,
        0.06778381387815707,
        0.06777269496311866,
        0.06778392440812384,
        0.09748931026682701
      ],