Method,MRR (Original),MRR (Rewritten),MRR Improvement,MRR Std,Recall@10 (Original),Recall@10 (Rewritten),Recall@10 Improvement,NDCG@10 Improvement,Semantic Similarity,Avg Inference Time (s),Memory Usage (MB),Queries/Second
LORA,0.485,0.5673857931810322,0.08238579318103222,0.01088401405663455,0.642,0.71107834304849,0.06907834304849006,0.07997672905074449,0.8620886768050163,0.041888047601014194,156.31209752050833,23.873158508724288
BITFIT,0.485,0.548783771635899,0.06378377163589898,0.009212338647492801,0.642,0.6990350319312484,0.057035031931248356,0.05558274261351394,0.8250722875499769,0.03923450143252342,133.91072232511627,25.487771310662062
ZOO,0.485,0.5630594934393981,0.07805949343939811,0.015229371060557904,0.642,0.7063716084089888,0.06437160840898881,0.066762792071842,0.8491848416379436,0.045717937135704975,148.37791668657266,21.873252877348573
ES,0.485,0.5536016153341778,0.06860161533417791,0.01337211933469031,0.642,0.6990103819530766,0.05701038195307657,0.06254391060091784,0.8325024385318017,0.048142271798348436,166.078112164478,20.771765906450344
