{
  "lora_vs_bitfit": {
    "t_statistic": 7.025213674389318,
    "p_value": 2.6588380387352804e-09,
    "significant": 